
use `MY_ITEM_SORT_DATA`;

/*Sentencias sql para rellenar de datos la tabla USUARIOS*/
-- Crea un usuario administrador
INSERT INTO USER (user_name, password, rol, activo, nombre, apellidos, email) VALUES('administrador', ENCRYPT_DATA_BASE64('1234'), 'Admin', 1, 'Administrador', 'Nada', 'myitemsort@gmail.es');



/* Sentencias sql para rellenar de datos la tabla PROVINCIA */ 
INSERT INTO PROVINCIA (id, nombre) VALUES (1, 'Álava');
INSERT INTO PROVINCIA (id, nombre) VALUES (2, 'Albacete');
INSERT INTO PROVINCIA (id, nombre) VALUES (3, 'Alicante');
INSERT INTO PROVINCIA (id, nombre) VALUES (4, 'Almería');
INSERT INTO PROVINCIA (id, nombre) VALUES (5, 'Asturias');
INSERT INTO PROVINCIA (id, nombre) VALUES (6, 'Ávila');
INSERT INTO PROVINCIA (id, nombre) VALUES (7, 'Badajoz');
INSERT INTO PROVINCIA (id, nombre) VALUES (8, 'Baleares');
INSERT INTO PROVINCIA (id, nombre) VALUES (9, 'Barcelona');
INSERT INTO PROVINCIA (id, nombre) VALUES (10, 'Burgos');
INSERT INTO PROVINCIA (id, nombre) VALUES (11, 'Cáceres');
INSERT INTO PROVINCIA (id, nombre) VALUES (12, 'Cádiz');
INSERT INTO PROVINCIA (id, nombre) VALUES (13, 'Cantabria');
INSERT INTO PROVINCIA (id, nombre) VALUES (14, 'Castellón');
INSERT INTO PROVINCIA (id, nombre) VALUES (15, 'Ceuta');
INSERT INTO PROVINCIA (id, nombre) VALUES (16, 'Ciudad Real');
INSERT INTO PROVINCIA (id, nombre) VALUES (17, 'Córdoba');
INSERT INTO PROVINCIA (id, nombre) VALUES (18, 'Cuenca');
INSERT INTO PROVINCIA (id, nombre) VALUES (19, 'Gerona');
INSERT INTO PROVINCIA (id, nombre) VALUES (20, 'Granada');
INSERT INTO PROVINCIA (id, nombre) VALUES (21, 'Guadalajara');
INSERT INTO PROVINCIA (id, nombre) VALUES (22, 'Guipúzcoa');
INSERT INTO PROVINCIA (id, nombre) VALUES (23, 'Huelva');
INSERT INTO PROVINCIA (id, nombre) VALUES (24, 'Huesca');
INSERT INTO PROVINCIA (id, nombre) VALUES (25, 'Jaén');
INSERT INTO PROVINCIA (id, nombre) VALUES (26, 'La Coruña');
INSERT INTO PROVINCIA (id, nombre) VALUES (27, 'La Rioja');
INSERT INTO PROVINCIA (id, nombre) VALUES (28, 'Las Palmas');
INSERT INTO PROVINCIA (id, nombre) VALUES (29, 'León');
INSERT INTO PROVINCIA (id, nombre) VALUES (30, 'Lérida');
INSERT INTO PROVINCIA (id, nombre) VALUES (31, 'Lugo');
INSERT INTO PROVINCIA (id, nombre) VALUES (32, 'Madrid');
INSERT INTO PROVINCIA (id, nombre) VALUES (33, 'Málaga');
INSERT INTO PROVINCIA (id, nombre) VALUES (34, 'Melilla');
INSERT INTO PROVINCIA (id, nombre) VALUES (35, 'Murcia');
INSERT INTO PROVINCIA (id, nombre) VALUES (36, 'Navarra');
INSERT INTO PROVINCIA (id, nombre) VALUES (37, 'Orense');
INSERT INTO PROVINCIA (id, nombre) VALUES (38, 'Palencia');
INSERT INTO PROVINCIA (id, nombre) VALUES (39, 'Pontevedra');
INSERT INTO PROVINCIA (id, nombre) VALUES (40, 'Salamanca');
INSERT INTO PROVINCIA (id, nombre) VALUES (41, 'Santa Cruz de Tenerife');
INSERT INTO PROVINCIA (id, nombre) VALUES (42, 'Segovia');
INSERT INTO PROVINCIA (id, nombre) VALUES (43, 'Sevilla');
INSERT INTO PROVINCIA (id, nombre) VALUES (44, 'Soria');
INSERT INTO PROVINCIA (id, nombre) VALUES (45, 'Tarragona');
INSERT INTO PROVINCIA (id, nombre) VALUES (46, 'Teruel');
INSERT INTO PROVINCIA (id, nombre) VALUES (47, 'Toledo');
INSERT INTO PROVINCIA (id, nombre) VALUES (48, 'Valencia');
INSERT INTO PROVINCIA (id, nombre) VALUES (49, 'Valladolid');
INSERT INTO PROVINCIA (id, nombre) VALUES (50, 'Vizcaya');
INSERT INTO PROVINCIA (id, nombre) VALUES (51, 'Zamora');
INSERT INTO PROVINCIA (id, nombre) VALUES (52, 'Zaragoza');


/* Sentencias sql para rellenar de datos la tabla LOCALIDAD de Murcia*/ 
INSERT INTO LOCALIDAD (nombre, provincia_id) VALUES ('Murcia', 35);
INSERT INTO LOCALIDAD (nombre, provincia_id) VALUES ('Cartagena', 35);
INSERT INTO LOCALIDAD (nombre, provincia_id) VALUES ('Lorca', 35);
INSERT INTO LOCALIDAD (nombre, provincia_id) VALUES ('Mazarrón', 35);
INSERT INTO LOCALIDAD (nombre, provincia_id) VALUES ('San Javier', 35);
INSERT INTO LOCALIDAD (nombre, provincia_id) VALUES ('San Pedro del Pinatar', 35);
INSERT INTO LOCALIDAD (nombre, provincia_id) VALUES ('Cieza', 35);
INSERT INTO LOCALIDAD (nombre, provincia_id) VALUES ('Caravaca de la Cruz', 35);
INSERT INTO LOCALIDAD (nombre, provincia_id) VALUES ('Águilas', 35);
INSERT INTO LOCALIDAD (nombre, provincia_id) VALUES ('Mula', 35);
INSERT INTO LOCALIDAD (nombre, provincia_id) VALUES ('Jumilla', 35);
INSERT INTO LOCALIDAD (nombre, provincia_id) VALUES ('Puerto Lumbreras', 35);
INSERT INTO LOCALIDAD (nombre, provincia_id) VALUES ('La Unión', 35);
INSERT INTO LOCALIDAD (nombre, provincia_id) VALUES ('Alhama de Murcia', 35);
INSERT INTO LOCALIDAD (nombre, provincia_id) VALUES ('Torre-Pacheco', 35);
INSERT INTO LOCALIDAD (nombre, provincia_id) VALUES ('Beniel', 35);
INSERT INTO LOCALIDAD (nombre, provincia_id) VALUES ('Fuente Álamo de Murcia', 35);
INSERT INTO LOCALIDAD (nombre, provincia_id) VALUES ('Librilla', 35);
INSERT INTO LOCALIDAD (nombre, provincia_id) VALUES ('Lorquí', 35);
INSERT INTO LOCALIDAD (nombre, provincia_id) VALUES ('Santomera', 35);
INSERT INTO LOCALIDAD (nombre, provincia_id) VALUES ('Ricote', 35);
INSERT INTO LOCALIDAD (nombre, provincia_id) VALUES ('Aledo', 35);
INSERT INTO LOCALIDAD (nombre, provincia_id) VALUES ('Moratalla', 35);
INSERT INTO LOCALIDAD (nombre, provincia_id) VALUES ('Roldán', 35);
INSERT INTO LOCALIDAD (nombre, provincia_id) VALUES ('Zarandona', 35);
INSERT INTO LOCALIDAD (nombre, provincia_id) VALUES ('Javalí Nuevo', 35);
INSERT INTO LOCALIDAD (nombre, provincia_id) VALUES ('Javalí Viejo', 35);
INSERT INTO LOCALIDAD (nombre, provincia_id) VALUES ('El Palmar', 35);
INSERT INTO LOCALIDAD (nombre, provincia_id) VALUES ('Espinardo', 35);
INSERT INTO LOCALIDAD (nombre, provincia_id) VALUES ('El Raal', 35);
INSERT INTO LOCALIDAD (nombre, provincia_id) VALUES ('San Ginés', 35);
INSERT INTO LOCALIDAD (nombre, provincia_id) VALUES ('Sierra de los Ríos', 35);
INSERT INTO LOCALIDAD (nombre, provincia_id) VALUES ('La Alberca', 35);
INSERT INTO LOCALIDAD (nombre, provincia_id) VALUES ('La Arboleja', 35);
INSERT INTO LOCALIDAD (nombre, provincia_id) VALUES ('La Murta', 35);
INSERT INTO LOCALIDAD (nombre, provincia_id) VALUES ('La Ñora', 35);


/* Sentencias SQL para rellenar de datos la tabla LOCALIDAD de Alicante */
INSERT INTO LOCALIDAD (nombre, provincia_id) VALUES ('Alicante', 3);
INSERT INTO LOCALIDAD (nombre, provincia_id) VALUES ('Elche', 3);
INSERT INTO LOCALIDAD (nombre, provincia_id) VALUES ('Benidorm', 3);
INSERT INTO LOCALIDAD (nombre, provincia_id) VALUES ('Alcoy', 3);
INSERT INTO LOCALIDAD (nombre, provincia_id) VALUES ('Elda', 3);
INSERT INTO LOCALIDAD (nombre, provincia_id) VALUES ('Orihuela', 3);
INSERT INTO LOCALIDAD (nombre, provincia_id) VALUES ('Torrevieja', 3);
INSERT INTO LOCALIDAD (nombre, provincia_id) VALUES ('Denia', 3);
INSERT INTO LOCALIDAD (nombre, provincia_id) VALUES ('Villena', 3);
INSERT INTO LOCALIDAD (nombre, provincia_id) VALUES ('San Vicente del Raspeig', 3);
INSERT INTO LOCALIDAD (nombre, provincia_id) VALUES ('Santa Pola', 3);
INSERT INTO LOCALIDAD (nombre, provincia_id) VALUES ('Petrer', 3);
INSERT INTO LOCALIDAD (nombre, provincia_id) VALUES ('La Vila Joiosa', 3);
INSERT INTO LOCALIDAD (nombre, provincia_id) VALUES ('Novelda', 3);
INSERT INTO LOCALIDAD (nombre, provincia_id) VALUES ('Aspe', 3);


/*Sentencias sql para rellenar de datos la tabla TIPO_EMPLAZAMIENTO */
INSERT INTO TIPO_EMPLAZAMIENTO (nombre, descripcion) VALUES ('Estantería', 'Estructura para almacenar objetos en varios niveles.');
INSERT INTO TIPO_EMPLAZAMIENTO (nombre, descripcion) VALUES ('Leja', 'Repisa o estante pequeño.');
INSERT INTO TIPO_EMPLAZAMIENTO (nombre, descripcion) VALUES ('Armario', 'Mueble con puertas para almacenamiento.');
INSERT INTO TIPO_EMPLAZAMIENTO (nombre, descripcion) VALUES ('Caja', 'Recipiente cerrado para almacenar objetos.');
INSERT INTO TIPO_EMPLAZAMIENTO (nombre, descripcion) VALUES ('Contenedor', 'Recipiente grande para almacenar objetos.');
INSERT INTO TIPO_EMPLAZAMIENTO (nombre, descripcion) VALUES ('Bodega', 'Espacio para almacenar vinos o alimentos.');
INSERT INTO TIPO_EMPLAZAMIENTO (nombre, descripcion) VALUES ('Pallet', 'Estructura plana para apilar y transportar mercancías.');
INSERT INTO TIPO_EMPLAZAMIENTO (nombre, descripcion) VALUES ('Vitrina', 'Mueble con puertas de cristal para exhibir objetos.');
INSERT INTO TIPO_EMPLAZAMIENTO (nombre, descripcion) VALUES ('Baúl', 'Recipiente grande y resistente para almacenar.');
INSERT INTO TIPO_EMPLAZAMIENTO (nombre, descripcion) VALUES ('Librero', 'Mueble para almacenar libros.');
INSERT INTO TIPO_EMPLAZAMIENTO (nombre, descripcion) VALUES ('Cajón de herramientas', 'Compartimento para almacenar herramientas.');
INSERT INTO TIPO_EMPLAZAMIENTO (nombre, descripcion) VALUES ('Arcon', 'Caja grande y resistente para almacenar.');


/*Sentencias sql para rellenar de datos la tabla PUESTO_TRABAJO */
-- Alta dirección
INSERT INTO PUESTO_TRABAJO (id, nombre) VALUES (1, 'CEO');
INSERT INTO PUESTO_TRABAJO (id, nombre) VALUES (2, 'Director');
INSERT INTO PUESTO_TRABAJO (id, nombre) VALUES (3, 'Gerente');

-- Mandos medios
INSERT INTO PUESTO_TRABAJO (id, nombre) VALUES (4, 'Jefe de Producción');
INSERT INTO PUESTO_TRABAJO (id, nombre) VALUES (5, 'Jefe de Zona');
INSERT INTO PUESTO_TRABAJO (id, nombre) VALUES (6, 'Supervisor');
INSERT INTO PUESTO_TRABAJO (id, nombre) VALUES (7, 'Coordinador');
INSERT INTO PUESTO_TRABAJO (id, nombre) VALUES (8, 'Encargado de Compras');
INSERT INTO PUESTO_TRABAJO (id, nombre) VALUES (9, 'Encargado de Ventas');
INSERT INTO PUESTO_TRABAJO (id, nombre) VALUES (10, 'Encargado');

-- Soporte técnico y analítico
INSERT INTO PUESTO_TRABAJO (id, nombre) VALUES (11, 'Analista');
INSERT INTO PUESTO_TRABAJO (id, nombre) VALUES (12, 'Consultor');
INSERT INTO PUESTO_TRABAJO (id, nombre) VALUES (13, 'Auditor');
INSERT INTO PUESTO_TRABAJO (id, nombre) VALUES (14, 'Capacitador');
INSERT INTO PUESTO_TRABAJO (id, nombre) VALUES (15, 'Técnico');

-- Administración y apoyo operativo
INSERT INTO PUESTO_TRABAJO (id, nombre) VALUES (16, 'Asistente Administrativo');
INSERT INTO PUESTO_TRABAJO (id, nombre) VALUES (17, 'Recepcionista');
INSERT INTO PUESTO_TRABAJO (id, nombre) VALUES (18, 'Auxiliar');
INSERT INTO PUESTO_TRABAJO (id, nombre) VALUES (19, 'Almacenero');

-- Área comercial y logística
INSERT INTO PUESTO_TRABAJO (id, nombre) VALUES (20, 'Vendedor');
INSERT INTO PUESTO_TRABAJO (id, nombre) VALUES (21, 'Logística');
INSERT INTO PUESTO_TRABAJO (id, nombre) VALUES (22, 'Operario');

-- Otro
INSERT INTO PUESTO_TRABAJO (id, nombre) VALUES (23, 'Otro');

/*Sentencias sql para rellenar de datos la tabla MARCA */
INSERT INTO MARCA (nombre, descripcion) VALUES ('Genérica', 'Marca para artículos con marca desconocida');
